date,open,high,low,close,volume,split_ratio,dividend,daily_return,rolling_volatility_ann,var_95_threshold,qlib_momentum_5d,qlib_mean_reversion_20d,qlib_vol_normalized_return,target_forward_return_5d
2025-02-25,1111.2249755859375,1128.199951171875,1106.925048828125,1125.199951171875,1285668,0.0,0.0,0.01351107967908538,0.20883697758388167,-0.018586519780975086,-0.012442233031932926,0.9933312254180519,0.06469677539118164,-0.023729072458692824
2025-02-27,1130.0999755859375,1140.9000244140625,1125.0,1139.0999755859375,1502006,0.0,0.0,0.012353381636380112,0.2094429502275305,-0.018586519780975086,-0.032152577284676576,0.9825454452319436,0.05898208095874834,-0.03379861366443815
2025-02-28,1130.5,1135.0,1092.5,1094.824951171875,3687132,0.0,0.0,-0.03886842714686922,0.24601461735369284,-0.018586519780975086,0.007809512213777348,1.0194586269342876,-0.15799234202033224,0.02228669011237394
2025-03-03,1094.125,1100.0,1075.4000244140625,1092.7750244140625,1043550,0.0,0.0,-0.0018723785529534132,0.1877560145024446,-0.018586519780975086,0.01345194650633319,1.0181304193816518,-0.009972401993039826,0.028756995772906135
2025-03-04,1080.0,1082.050048828125,1059.0,1073.25,2085044,0.0,0.0,-0.017867377985264277,0.19205084837219827,-0.018586519780975086,0.034428093335080456,1.0326787714466137,-0.09303461664637266,0.048870208406126325
2025-03-05,1055.0,1104.675048828125,1055.0,1098.5,1693328,0.0,0.0,0.023526671325413417,0.214015235646433,-0.018586519780975086,0.024305827193331853,1.006610143537352,0.1099298849217546,-0.000682749203459232
2025-03-06,1093.5,1108.199951171875,1085.1500244140625,1100.5999755859375,2514922,0.0,0.0,0.0019116755447770029,0.21365826114488942,-0.018586519780975086,0.03498092027441979,1.003604867506681,0.008947350994339116,-0.0042022534095893516
2025-03-07,1100.5,1123.0,1095.625,1119.2249755859375,1051212,0.0,0.0,0.016922588054832932,0.21029477721085002,-0.018586519780975086,-0.021800821949392812,0.9868815624825833,0.08047079187876238,-0.028635821623828273
2025-03-10,1119.5999755859375,1137.0,1077.550048828125,1124.199951171875,1013160,0.0,0.0,0.004445018378305132,0.21031687624378026,-0.018586519780975086,-0.027953147236000953,0.9830324104186072,0.02113486205360073,-0.03293444578533822
2025-03-11,1120.4000244140625,1136.2249755859375,1116.875,1125.699951171875,957110,0.0,0.0,0.00133428221415266,0.2089229475350148,-0.018586519780975086,-0.04659318952379243,0.9823965373540379,0.006386479637734588,-0.029936886056353362
2025-03-12,1124.5,1127.050048828125,1095.824951171875,1097.75,717178,0.0,0.0,-0.02482895299300547,0.22678142103431045,-0.018586519780975086,0.0006832156684126733,1.0074094594678746,-0.10948406525069075,0.011865201014859883
2025-03-13,1101.050048828125,1105.875,1092.050048828125,1095.9749755859375,584340,0.0,0.0,-0.001616965988670005,0.2232700365948579,-0.018586519780975086,0.004219986863776004,1.0089999840725792,-0.007242198464732372,0.035082984647191395
2025-03-17,1087.7750244140625,1101.675048828125,1078.0,1087.175048828125,820010,0.0,0.0,-0.008029313582737396,0.22500163571256793,-0.018586519780975086,0.029480005811722165,1.017093553906306,-0.03568557713126497,0.0410237299264844
2025-03-18,1087.175048828125,1087.175048828125,1087.175048828125,1087.175048828125,0,0.0,0.0,0.0,0.22353217908737114,-0.018586519780975086,0.03405606335765299,1.0165991533030365,0.0,0.03702255680295985
2025-03-19,1103.25,1106.699951171875,1090.074951171875,1092.0,845086,0.0,0.0,0.004438062828130418,0.22207658506661063,-0.018586519780975086,0.03086076114640557,1.011363309643644,0.019984378933760427,0.027220673613495894
2025-03-20,1102.0,1114.375,1090.574951171875,1110.7750244140625,953748,0.0,0.0,0.017193245800423584,0.2278685211554976,-0.018586519780975086,-0.011726068850830718,0.9942494776343543,0.07545248004732565,0.009227791204080127
2025-03-21,1120.449951171875,1137.5,1115.9749755859375,1134.425048828125,1585274,0.0,0.0,0.021291462172133402,0.2392511182873077,-0.018586519780975086,-0.03389388596620546,0.9749299811367655,0.088992107684296,-0.007977652501127142
2025-03-24,1136.550048828125,1144.300048828125,1130.0250244140625,1131.7750244140625,861902,0.0,0.0,-0.0023360066112785294,0.23740819899936358,-0.018586519780975086,-0.03940710355313559,0.9784674239910021,-0.009839620209951508,-0.01305473622879405
2025-03-25,1130.0,1140.0,1115.0999755859375,1127.425048828125,1484284,0.0,0.0,-0.0038434984799117222,0.23808975638193194,-0.018586519780975086,-0.03570082112494921,0.9831274349367997,-0.016143064602559064,-0.019580080525204657
2025-03-26,1127.449951171875,1134.925048828125,1120.050048828125,1121.7249755859375,1066938,0.0,0.0,-0.005055833421576228,0.23882967990150922,-0.018586519780975086,-0.026499343629583172,0.9886369401548846,-0.02116919979111977,0.0009806107645617956
2025-03-27,1120.0999755859375,1134.0,1112.625,1121.0250244140625,1731172,0.0,0.0,-0.0006239953527907849,0.2387850669866185,-0.018586519780975086,-0.009143417655067432,0.989068019958105,-0.0026132091697914335,0.008964944170684719
2025-03-28,1121.5250244140625,1143.9749755859375,1121.5250244140625,1125.375,1432302,0.0,0.0,0.003880355470397445,0.23450109351978715,-0.018586519780975086,0.008041807244807186,0.9846351237955403,0.01654728021384352,-0.0007775186049094884
2025-04-01,1130.949951171875,1143.925048828125,1109.050048828125,1117.0,2040110,0.0,0.0,-0.00744196378984785,0.2314876987944533,-0.018586519780975086,0.013227416664335356,0.9930102998055618,-0.03214841871563838,0.01853173784411366
2025-04-02,1115.0,1115.0,1074.0,1105.3499755859375,2601704,0.0,0.0,-0.01042974432771937,0.1898199794514541,-0.018586519780975086,0.01997111659633921,1.0040451232227137,-0.054945447831176636,0.060682204481554924
2025-04-03,1099.0250244140625,1124.5250244140625,1097.5,1122.824951171875,635716,0.0,0.0,0.015809450374913325,0.1967631765310566,-0.018586519780975086,-0.0009796501091193788,0.9906263650795342,0.08034760289073689,0.051544098605572186
2025-04-04,1117.0,1141.4000244140625,1108.625,1131.074951171875,1183470,0.0,0.0,0.007347538894098893,0.18472754187442073,-0.018586519780975086,-0.008885288059292673,0.9848407892018858,0.03977500280572012,0.04674756517701839
2025-04-07,1080.0,1128.675048828125,1080.0,1124.5,1474570,0.0,0.0,-0.00581301103438181,0.17016718472489764,-0.018586519780975086,0.000778123610493564,0.9916618486254307,-0.03416058567445663,0.05971545079062923
2025-04-08,1127.5,1141.4749755859375,1115.625,1137.699951171875,1747016,0.0,0.0,0.01173850704479773,0.17406757271731763,-0.018586519780975086,-0.018194561009300614,0.9809682213742047,0.06743649139921037,0.06205511179246259
2025-04-09,1141.5999755859375,1181.300048828125,1136.0999755859375,1172.425048828125,3706748,0.0,0.0,0.03052219314985627,0.19431254884331928,-0.018586519780975086,-0.05721054263488412,0.9539703655763242,0.157077820041819,0.023263663951066382
2025-04-11,1172.8499755859375,1186.0,1161.0250244140625,1180.699951171875,2236634,0.0,0.0,0.007057937180735774,0.19488852057803943,-0.018586519780975086,-0.04901753399969022,0.9496136180310483,0.03621525166104917,0.01943768458651074
2025-04-15,1190.699951171875,1190.699951171875,1172.800048828125,1183.949951171875,1561748,0.0,0.0,0.0027526045010626277,0.1948518790333095,-0.018586519780975086,-0.04465982700338322,0.9506472371454218,0.014126650322553846,0.027661642257414742
2025-04-16,1173.5,1195.050048828125,1173.5,1191.6500244140625,1354424,0.0,0.0,0.006503715156680467,0.1678926752859948,-0.018586519780975086,-0.05635045780079628,0.9485188430195174,0.03873733477787785,0.020937314363034476
2025-04-17,1186.0,1211.5999755859375,1179.300048828125,1208.300048828125,1815842,0.0,0.0,0.013972243589093436,0.17002904325127874,-0.018586519780975086,-0.058429276506875794,0.9404607353475726,0.08217562423549138,-0.0012828343668680464
2025-04-21,1200.5,1210.5,1195.25,1199.699951171875,953130,0.0,0.0,-0.007117518255991828,0.169195483092652,-0.018586519780975086,-0.022734769904014462,0.9518921764088555,-0.04206683124883387,0.002750728484152587
2025-04-22,1202.5,1210.0,1195.0,1203.6500244140625,975908,0.0,0.0,0.003292550973540642,0.16841230820955794,-0.018586519780975086,-0.019067064991220906,0.9534062854673503,0.019550535308490158,-0.008225002461892394
2025-04-23,1209.6500244140625,1220.949951171875,1200.0,1216.699951171875,1165112,0.0,0.0,0.010841961112546095,0.1696421135274677,-0.018586519780975086,-0.026917071845409812,0.9475333207721403,0.06391078399104462,-0.018574814245837845
2025-04-24,1217.5,1257.5,1189.5,1216.5999755859375,4674476,0.0,0.0,-8.216946654859836e-05,0.16475944588598684,-0.018586519780975086,-0.02050793331625589,0.9509884223841599,-0.0004987238280603417,-0.04167347705843649
2025-04-25,1213.449951171875,1217.5999755859375,1193.6500244140625,1206.75,2256568,0.0,0.0,-0.008096314140721206,0.15809911568658033,-0.018586519780975086,0.0012844821447068888,0.9618572531463643,-0.051210366316456056,-0.03534288329319457
2025-04-28,1200.0,1209.199951171875,1193.0,1203.0,1961052,0.0,0.0,-0.003107520198881275,0.15844905982206678,-0.018586519780975086,-0.00274318273327101,0.9679966648320605,-0.01961210755210441,-0.020573566084787998
2025-04-29,1203.0,1203.0,1179.5999755859375,1193.75,1952120,0.0,0.0,-0.007689110556940992,0.16106722243286078,-0.018586519780975086,0.008293214168848095,0.9785141269224477,-0.0477385154062675,-0.020565485929319394
2025-04-30,1187.5,1203.199951171875,1182.1500244140625,1194.0999755859375,2040862,0.0,0.0,0.0002931732657067698,0.15884117823418917,-0.018586519780975086,0.018926368016084938,0.9812871706971542,0.0018457005324999632,-0.019889456901082347
2025-05-02,1187.5,1192.4000244140625,1163.5,1165.9000244140625,1265148,0.0,0.0,-0.023616072145079325,0.18355039021049568,-0.018586519780975086,0.043485676396100015,1.0067597677449807,-0.12866260230430662,-0.002744723539907068
2025-05-05,1174.449951171875,1176.0,1161.8499755859375,1164.0999755859375,1827594,0.0,0.0,-0.0015439135349788469,0.18378737432955822,-0.018586519780975086,0.03663776763898219,1.0103395423406567,-0.008400541422420919,0.023881152316090448
2025-05-06,1168.5,1187.0999755859375,1165.0,1178.25,1742026,0.0,0.0,0.012155334344835955,0.18407487231905223,-0.018586519780975086,0.02100572883513685,1.0012995864994432,0.0660347256056773,0.005813686047899447
2025-05-07,1165.5,1178.0,1163.6500244140625,1169.199951171875,1353304,0.0,0.0,-0.007680924106195586,0.18185440352506846,-0.018586519780975086,0.020997305724755444,1.0110332168660836,-0.04223666589833289,0.013684571218090857
2025-05-08,1164.0,1175.050048828125,1157.550048828125,1170.3499755859375,2693092,0.0,0.0,0.0009835994372988655,0.17557280485685134,-0.018586519780975086,0.02029307514456047,1.011717660284368,0.005602230835683858,0.02452264180876207
2025-05-09,1151.0,1174.5,1145.8499755859375,1162.699951171875,1816458,0.0,0.0,-0.006536527170201811,0.17686135212510734,-0.018586519780975086,0.0027522777815223165,1.020017017612268,-0.03695848031283415,0.035864861953557536
2025-05-12,1179.9000244140625,1194.5,1173.0,1191.9000244140625,801500,0.0,0.0,0.025114022936663094,0.19276228977262544,-0.018586519780975086,-0.023324144860045193,0.9973015486921659,0.1302849310590638,0.010067958515144193
2025-05-13,1190.0,1194.9000244140625,1171.0,1185.0999755859375,2333552,0.0,0.0,-0.0057052174585430215,0.19209254457045635,-0.018586519780975086,-0.005780082463127778,1.0035587807553898,-0.029700357056006786,-0.004936271796854186
2025-05-14,1182.5,1189.5999755859375,1176.6500244140625,1185.199951171875,1203066,0.0,0.0,8.436046578097489e-05,0.16171296179362374,-0.018586519780975086,-0.013499831808278295,1.0036639685954232,0.0005216678961823468,0.009365590713427574
2025-05-15,1185.0,1207.449951171875,1170.75,1199.050048828125,1928224,0.0,0.0,0.011685874305475297,0.16481888773796335,-0.018586519780975086,-0.023935675804556356,0.992700423654875,0.0709013011605868,-0.015178743589539967
2025-05-16,1207.300048828125,1207.300048828125,1188.3499755859375,1204.4000244140625,1369102,0.0,0.0,0.004461845100766304,0.16518182367025463,-0.018586519780975086,-0.03462310893133236,0.9888201322766204,0.027011717945166373,0.002324748174240998
2025-05-19,1202.0,1211.050048828125,1198.0999755859375,1203.9000244140625,845862,0.0,0.0,-0.0004151444618604172,0.1639412834709269,-0.018586519780975086,-0.009967605080696273,0.9890480655267826,-0.002532275139905727,0.019187619501195963
2025-05-20,1209.9000244140625,1209.9000244140625,1177.1500244140625,1179.25,1555350,0.0,0.0,-0.020475142382408107,0.17162211596613694,-0.018586519780975086,0.004960759453837227,1.008855198368269,-0.11930362863846643,0.04341738492421032
2025-05-21,1179.25,1199.0,1179.25,1196.300048828125,1350296,0.0,0.0,0.014458383572715672,0.17824127553389152,-0.018586519780975086,-0.009278690297742198,0.994169477015007,0.08111691704538619,0.011033980300180879
2025-05-22,1192.5,1192.5,1170.0,1180.8499755859375,2161612,0.0,0.0,-0.012914881393946365,0.18315754149560043,-0.018586519780975086,0.015412688841490274,1.0056590758092991,-0.07051241561425105,0.031036986214846518
2025-05-23,1178.0,1212.0,1176.050048828125,1207.199951171875,1154460,0.0,0.0,0.02231441430386849,0.19622793341017197,-0.018586519780975086,-0.002319356255021776,0.9833188716949147,0.11371680259230484,-0.007538084786288923
2025-05-26,1207.199951171875,1232.449951171875,1202.699951171875,1227.0,1248708,0.0,0.0,0.016401631568079722,0.20458912774457438,-0.018586519780975086,-0.01882638597060926,0.9682762786442415,0.08016863333456561,-0.019437632914374503
2025-05-27,1225.050048828125,1241.0,1216.0999755859375,1230.449951171875,1584098,0.0,0.0,0.0028116961465973755,0.20230138830562092,-0.018586519780975086,-0.04161075476748355,0.9666768569678544,0.013898550233200503,-0.028241701311706557
2025-05-28,1226.050048828125,1228.3499755859375,1208.0,1209.5,1447242,0.0,0.0,-0.017026252186789326,0.21140643380549506,-0.018586519780975086,-0.01091356029092605,0.9840719234849757,-0.0805380000737081,-0.00888797023563459
2025-05-29,1210.699951171875,1219.9000244140625,1203.25,1217.5,1862596,0.0,0.0,0.006614303431169866,0.21036470238294366,-0.018586519780975086,-0.030102689457135567,0.9785667290971508,0.03144207674493107,-0.013839815676334744
2025-05-30,1217.5,1228.5,1195.25,1198.0999755859375,2134920,0.0,0.0,-0.01593431163372694,0.21842933447153096,-0.018586519780975086,0.0075953390963781064,0.9957557921248804,-0.07294950077462574,0.008763876315801555
2025-06-02,1200.0,1207.9000244140625,1195.5,1203.1500244140625,2052718,0.0,0.0,0.004215047935090199,0.20066970055882005,-0.018586519780975086,0.019822944023587086,0.9931990761149955,0.021004903646655183,0.0037401819462967723
2025-06-03,1207.8499755859375,1213.199951171875,1191.0,1195.699951171875,1468888,0.0,0.0,-0.006192139875337399,0.2022199242661207,-0.018586519780975086,0.029062475051489622,1.0001171188995723,-0.030620818357049634,0.016726604346181118
2025-06-04,1194.199951171875,1201.9000244140625,1192.449951171875,1198.75,1174082,0.0,0.0,0.002550847999229111,0.19845757742758435,-0.018586519780975086,0.008967674661105374,0.9988049991038843,0.012853365962437168,0.00905107452424403
2025-06-05,1202.5,1204.5,1190.25,1200.6500244140625,1467916,0.0,0.0,0.0015850047249739152,0.19599229870159982,-0.018586519780975086,0.014034044262115852,0.9984862122517659,0.008087076148417131,-0.006538104715209103
2025-06-06,1201.949951171875,1211.449951171875,1195.0,1208.5999755859375,1004606,0.0,0.0,0.006621372598359487,0.1968353546238688,-0.018586519780975086,-0.00868773805403189,0.9938172435884551,0.03363914107107845,-0.016713512808141484
2025-06-09,1212.5,1213.6500244140625,1200.5,1207.6500244140625,678874,0.0,0.0,-0.000785993042416222,0.1948359970871821,-0.018586519780975086,-0.0037262451116029105,0.9952510843702799,-0.004034126207813931,-0.010557694482874802
2025-06-10,1207.6500244140625,1219.449951171875,1204.449951171875,1215.699951171875,1351562,0.0,0.0,0.0066657778289023195,0.17675828714223807,-0.018586519780975086,-0.01645142782207154,0.9899194237501825,0.037711258462386876,-0.02854318710667547
2025-06-11,1221.25,1225.0,1204.0,1209.5999755859375,1751374,0.0,0.0,-0.005017665403422522,0.17644537511304403,-0.018586519780975086,-0.008969887404868482,0.995920155962589,-0.028437498664007747,-0.032407367694337386
2025-06-12,1213.5,1214.050048828125,1183.1500244140625,1192.800048828125,2717158,0.0,0.0,-0.013888828618464966,0.18387571463381502,-0.018586519780975086,0.006581132850933091,1.0096851500979696,-0.0755337804711541,-0.02795950393279667
2025-06-13,1181.0,1190.0,1173.4000244140625,1188.4000244140625,829756,0.0,0.0,-0.0036888197803021106,0.1796161867867151,-0.018586519780975086,0.016997602454472016,1.0127503126998834,-0.020537233536251705,-0.006900095147869489
2025-06-16,1185.050048828125,1197.5,1182.550048828125,1194.9000244140625,532308,0.0,0.0,0.0054695387634351444,0.17999083483226017,-0.018586519780975086,0.010670348765163151,1.0068645675422514,0.03038787205278358,-0.012846242591269985
2025-06-17,1190.050048828125,1193.449951171875,1176.5,1181.0,1531068,0.0,0.0,-0.01163279281116314,0.1842140603132832,-0.018586519780975086,0.029381838418183648,1.018789158626495,-0.06314823179022026,0.001608826768892957
2025-06-18,1181.949951171875,1182.050048828125,1162.699951171875,1170.4000244140625,1308554,0.0,0.0,-0.008975423866162124,0.17272665928931905,-0.018586519780975086,0.03349278054868443,1.0269095779615114,-0.05196316181566723,0.027170135077306146
2025-06-19,1170.4000244140625,1170.4000244140625,1155.0,1159.449951171875,1474774,0.0,0.0,-0.00935583818675112,0.1666785064742636,-0.018586519780975086,0.028763723369467087,1.0356850614231266,-0.056131038268484534,0.04851438386206075
2025-06-20,1169.050048828125,1199.0,1159.449951171875,1180.199951171875,22941194,0.0,0.0,0.017896417158004718,0.1739577862126024,-0.018586519780975086,0.006948037266096607,1.0163320145077708,0.10287792526488795,0.04164550622566887
2025-06-23,1186.5,1199.449951171875,1175.449951171875,1179.550048828125,1297744,0.0,0.0,-0.0005506713867465818,0.15393267217901288,-0.018586519780975086,0.013013416091320229,1.0148806297174113,-0.003577351988879072,0.04501714500261511
2025-06-24,1187.5,1191.800048828125,1178.8499755859375,1182.9000244140625,1100860,0.0,0.0,0.0028400453115708935,0.1411928402807083,-0.018586519780975086,-0.0016062426027961818,1.009996597634525,0.020114653864728584,0.018725187215237638
2025-06-25,1186.0,1214.449951171875,1186.0,1202.199951171875,2300288,0.0,0.0,0.016315771713144134,0.1538192325721507,-0.018586519780975086,-0.02645144572399516,0.9934786608453617,0.10607107043509874,-0.006820788142506529
2025-06-26,1210.0,1221.800048828125,1201.5999755859375,1215.699951171875,3115098,0.0,0.0,0.011229413199393745,0.1478945191148443,-0.018586519780975086,-0.04626964074957618,0.9823723312368072,0.07592852329698949,-0.017685284908726895
2025-06-27,1224.5,1231.8499755859375,1213.050048828125,1229.3499755859375,2375672,0.0,0.0,0.011228119570873218,0.15120897697943242,-0.018586519780975086,-0.039980498141415244,0.9727356073255098,0.07425563648806455,-0.02680274277157757
2025-06-30,1234.0,1237.800048828125,1221.5,1232.6500244140625,1658010,0.0,0.0,0.0026843851577351696,0.13896428231924338,-0.018586519780975086,-0.043077900891762444,0.9713280098999105,0.01931708579905058,-0.01752320217265646
2025-07-01,1235.0,1235.699951171875,1202.5999755859375,1205.050048828125,1077220,0.0,0.0,-0.02239076383343852,0.16097252873304627,-0.018586519780975086,-0.01838099955732353,0.9939628658285192,-0.13909679259374128,0.0032362990628833632
2025-07-02,1205.25,1206.949951171875,1190.0,1194.0,1475052,0.0,0.0,-0.009169784142053605,0.16276518885250063,-0.018586519780975086,0.006867630797215307,1.0029627303182578,-0.05633749847449485,0.016666687113955136
2025-07-03,1199.949951171875,1204.550048828125,1192.5,1194.199951171875,1263638,0.0,0.0,0.00016746329302774754,0.16250048566444067,-0.018586519780975086,0.01800368521109208,1.0025247406542406,0.0010305401983114865,0.005442974598702355
2025-07-04,1192.449951171875,1198.5,1183.550048828125,1196.4000244140625,790114,0.0,5.0,0.0018422988880786306,0.16253716251865416,-0.018586519780975086,0.027540914827389962,1.0001713259453793,0.01133463108488117,0.004471728081548276
2025-07-07,1199.699951171875,1213.0,1194.0,1211.050048828125,868414,0.0,0.0,0.012245088695344464,0.16659247501394078,-0.018586519780975086,0.017835741476447398,0.9882126681370946,0.0735032477264492,-0.01205573433598206
2025-07-08,1211.050048828125,1217.8499755859375,1203.5,1208.949951171875,711576,0.0,0.0,-0.001734113018931116,0.16669186516008017,-0.018586519780975086,-0.0032258592177200063,0.9896501495700908,-0.010403104634018816,-0.0006616706978126441
2025-07-09,1210.0,1218.25,1207.25,1213.9000244140625,790360,0.0,0.0,0.004094522885243812,0.16565121829477844,-0.018586519780975086,-0.016393462405331127,0.9857916454190851,0.024717733320742768,0.013263016115111048
2025-07-10,1212.5,1218.449951171875,1198.800048828125,1200.699951171875,569850,0.0,0.0,-0.010874102460422197,0.1690847900856564,-0.018586519780975086,-0.005413509006689021,0.9969580629950751,-0.06431153158009177,0.019863495149618826
2025-07-11,1202.0,1214.3499755859375,1198.550048828125,1201.75,741064,0.0,0.0,0.0008745305828488092,0.16170555124379948,-0.018586519780975086,-0.004451820749687974,0.9966423934577829,0.00540816639899169,0.02858329568207818
2025-07-14,1202.6500244140625,1207.3499755859375,1188.5,1196.449951171875,942914,0.0,0.0,-0.004410275704701427,0.1619548352386229,-0.018586519780975086,0.012202848637295594,1.0011221041904772,-0.027231514427390947,0.033306949126637786
2025-07-15,1196.449951171875,1210.0,1190.050048828125,1208.1500244140625,1064608,0.0,0.0,0.009778990947952204,0.16433472751652153,-0.018586519780975086,0.0006621087958016414,0.9925505687739873,0.05950653584102427,0.011256859918976847
2025-07-16,1208.0,1245.0,1203.699951171875,1230.0,2810630,0.0,0.0,0.018085482054709612,0.1687026435607328,-0.018586519780975086,-0.013089411045477672,0.9773414574599848,0.1072033051821491,-0.0030487804878048808
2025-07-17,1229.0,1235.0,1223.050048828125,1224.550048828125,546708,0.0,0.0,-0.004430854611280455,0.1656878158956666,-0.018586519780975086,-0.019476621375397518,0.9843493115794885,-0.026742185717800158,-0.05185578168958349
2025-07-18,1229.5,1238.449951171875,1215.5,1236.0999755859375,899652,0.0,0.0,0.00943197607061097,0.16190535880852966,-0.018586519780975086,-0.027788994631809505,0.9774128489943494,0.058256104414704656,-0.07992875067486294
2025-07-21,1236.449951171875,1239.199951171875,1222.5,1236.300048828125,957974,0.0,0.0,0.00016185846302008144,0.1528920802618083,-0.018586519780975086,-0.032233354430442285,0.9795498268621818,0.0010586451054656874,-0.09839846284028964
2025-07-22,1236.4000244140625,1238.75,1219.0,1221.75,774548,0.0,0.0,-0.011769027140229316,0.16025056468519489,-0.018586519780975086,-0.011131553579650122,0.9928054000888838,-0.07344140364768767,-0.08995295634463885
2025-07-23,1230.0,1234.5,1216.800048828125,1226.25,720228,0.0,0.0,0.0036832412523020164,0.16035115395536914,-0.018586519780975086,0.003058103975535076,0.9901427115188582,0.022969844193505076,-0.09011213047910294
2025-07-24,1226.4000244140625,1237.5,1155.0,1161.050048828125,5372012,0.0,0.0,-0.05317019463557593,0.2411872271373454,-0.018586519780975086,0.054691871434906725,1.0433917177864445,-0.2204519412662697,-0.032040025561115515
2025-07-25,1157.449951171875,1157.449951171875,1133.0,1137.300048828125,3178714,0.0,0.0,-0.02045562120596911,0.24498735598212568,-0.018586519780975086,0.08687234899850393,1.0611337876828881,-0.08349663715908337,0.0008352687339228115
2025-07-28,1137.3499755859375,1149.949951171875,1111.050048828125,1114.6500244140625,1879938,0.0,0.0,-0.019915610165849418,0.24586446630377393,-0.018586519780975086,0.10913741690178513,1.0774032048097006,-0.08100238987450552,0.021576213368366348
2025-07-29,1115.0,1129.050048828125,1109.949951171875,1111.8499755859375,1801922,0.0,0.0,-0.002512043033055966,0.24459715931168846,-0.018586519780975086,0.09884429268988915,1.0759252877191345,-0.010270123076751094,0.01960700571732854
2025-07-30,1115.0,1119.75,1110.8499755859375,1115.75,929698,0.0,0.0,0.0035076894362544575,0.23745678311224597,-0.018586519780975086,0.09903652251848527,1.0686578578380572,0.014771906039328892,0.0008066541914071301
2025-07-31,1112.5,1132.949951171875,1110.5,1123.8499755859375,1346218,0.0,0.0,0.007259668909646022,0.23937104231184292,-0.018586519780975086,0.03310056862597932,1.0578258058720833,0.030328098738474106,-0.005828114873070667
2025-08-01,1123.8499755859375,1143.8499755859375,1121.550048828125,1138.25,1410024,0.0,0.0,0.012813119835282993,0.2452612087602637,-0.018586519780975086,-0.0008345716423237004,1.041888868774709,0.05224274714139571,-0.036679112672962866
2025-08-04,1143.0,1143.300048828125,1129.0,1138.699951171875,812794,0.0,0.0,0.00039530083186911646,0.24501431252335057,-0.018586519780975086,-0.02112051268032633,1.0383002991993122,0.001613378466197392,-0.02959511075520227
2025-08-05,1139.8499755859375,1141.199951171875,1125.050048828125,1133.6500244140625,1135934,0.0,0.0,-0.004434817752135167,0.23934090486205178,-0.018586519780975086,-0.019229963708943254,1.0396043560897488,-0.018529292221897163,-0.03753367257246554
2025-08-06,1135.0,1136.199951171875,1113.050048828125,1116.6500244140625,1127544,0.0,0.0,-0.014995809671319527,0.24282013094752344,-0.018586519780975086,-0.0008060040248821787,1.0510768620436604,-0.06175686091278694,-0.017686830760034522
2025-08-07,1118.0,1123.199951171875,1107.5,1117.300048828125,1014230,0.0,0.0,0.000582120091210836,0.2417089043740659,-0.018586519780975086,0.005862280919688878,1.0467331580013464,0.002408351767738089,-0.024970932779717736
2025-08-08,1122.0,1126.4000244140625,1093.4000244140625,1096.5,1242852,2.0,0.0,-0.018616350057391484,0.24600238058357513,-0.018586519780975086,0.03807569539443678,1.061789793474621,-0.07567548434480313,0.04341083044773142
2025-08-11,1097.0,1108.9000244140625,1087.0,1105.0,1038967,0.0,0.0,0.007751937984496138,0.2489250957587657,-0.018586519780975086,0.03049769336821262,1.049484172838306,0.031141647849729434,0.05104074607607467
2025-08-12,1108.0,1109.5999755859375,1089.0,1091.0999755859375,758197,0.0,0.0,-0.012579207614536236,0.25075048545157935,-0.018586519780975086,0.03899738775566819,1.0574901790510065,-0.05016623234136468,0.09091749194560794
2025-08-13,1091.0999755859375,1100.800048828125,1086.5999755859375,1096.9000244140625,813725,0.0,0.0,0.00531578128302157,0.24806453521219807,-0.018586519780975086,0.018005287228022526,1.0458314196669078,0.021429024766414614,0.07521195930692914
2025-08-14,1099.9000244140625,1103.0,1084.699951171875,1089.4000244140625,941698,0.0,0.0,-0.006837450846084447,0.2341432401963725,-0.018586519780975086,0.02561044959501313,1.0468285138494446,-0.02920199852163143,0.06746832967947869
2025-08-18,1120.5,1169.9000244140625,1120.5,1144.0999755859375,3478231,0.0,0.0,0.050211079443747586,0.3038773699612796,-0.018586519780975086,-0.04160473437783241,0.9927585287843639,0.16523467278198048,0.007779061798777187
2025-08-19,1149.5999755859375,1168.0,1130.199951171875,1161.4000244140625,1851158,0.0,0.0,0.01512109885262869,0.3074413348684451,-0.018586519780975086,-0.04856210024837637,0.974745982027475,0.04918368692115579,0.0006887607551206987
2025-08-20,1165.0,1192.800048828125,1156.699951171875,1190.300048828125,1652532,0.0,0.0,0.024883781476277234,0.32200943212770555,-0.018586519780975086,-0.08334039248326675,0.9497584334963467,0.07727655845075682,-0.023439488590738633
2025-08-21,1190.0,1190.300048828125,1168.800048828125,1179.4000244140625,991563,0.0,0.0,-0.009157375423779701,0.3210968204538611,-0.018586519780975086,-0.06995082100408367,0.9565499301619962,-0.02851904645348263,-0.01967108085631386
2025-08-22,1175.0,1191.0,1158.0,1162.9000244140625,921658,0.0,0.0,-0.01399016420081678,0.32334243463976453,-0.018586519780975086,-0.06320405749155744,0.97020163907392,-0.04326732983169966,0.009889070219767593
2025-08-25,1162.9000244140625,1166.800048828125,1148.800048828125,1153.0,931358,0.0,0.0,-0.008513220574615343,0.2669498800416934,-0.018586519780975086,-0.007719015103263227,0.9792129291623755,-0.03189070642915684,0.041543819960158324
2025-08-26,1149.0,1179.0,1149.0,1162.199951171875,3619892,0.0,0.0,0.007979142386708604,0.2577774681100258,-0.018586519780975086,-0.0006882866902601092,0.9735071856794355,0.030953605587307784,0.028050334732313997
2025-08-28,1165.5999755859375,1168.199951171875,1155.0,1162.4000244140625,1065888,0.0,0.0,0.0001721504479377245,0.24622129159566852,-0.018586519780975086,0.024002085192768474,0.9755140074735511,0.000699169595896381,0.04318646775423085
2025-08-29,1160.300048828125,1184.4000244140625,1150.0,1156.199951171875,1593255,0.0,0.0,-0.005333855051588454,0.24708157571920156,-0.018586519780975086,0.020065796766963073,0.9824944227949056,-0.021587424396936523,0.04523443265597438
2025-09-01,1157.9000244140625,1176.0,1156.199951171875,1174.4000244140625,643866,0.0,0.0,0.015741285254112558,0.25162843213715336,-0.018586519780975086,-0.009792234128858768,0.9694205402214084,0.06255765493128383,0.011324869279058625
2025-09-02,1174.4000244140625,1202.5,1172.4000244140625,1200.9000244140625,1773623,0.0,0.0,0.02256471342737032,0.26065350831944606,-0.018586519780975086,-0.03988677112187888,0.9506370090060017,0.08656976346552112,0.0010824604308312669
2025-09-03,1206.5,1206.5,1191.300048828125,1194.800048828125,827824,0.0,0.0,-0.005079503257495399,0.2597839967025597,-0.018586519780975086,-0.027284981858031077,0.9578381029775632,-0.01955279434623236,0.018998954004177948
2025-09-04,1230.0,1238.199951171875,1208.0,1212.5999755859375,3346196,0.0,0.0,0.01489782895076952,0.2631831578191456,-0.018586519780975086,-0.0413986081004315,0.9470332614931174,0.05660631367203173,0.006762389417190207
2025-09-05,1212.0,1216.4000244140625,1191.0,1208.5,1434458,0.0,0.0,-0.0033811443744722336,0.262826732207438,-0.018586519780975086,-0.043276829812267326,0.9540463455067619,-0.01286453709418823,0.007529975660684807
2025-09-08,1208.5,1211.0,1185.199951171875,1187.699951171875,1112974,0.0,0.0,-0.01721145951851466,0.2648613234334833,-0.018586519780975086,-0.011198052794975544,0.9737181537483718,-0.06498290745348494,0.02088073574782534
2025-09-09,1195.199951171875,1204.0,1187.9000244140625,1202.199951171875,1295618,0.0,0.0,0.012208470654303971,0.2665407318265601,-0.018586519780975086,-0.0010812899772166817,0.9663700286198134,0.04580339414770635,0.001663616770280596
2025-09-10,1208.199951171875,1219.199951171875,1201.699951171875,1217.5,1015673,0.0,0.0,0.012726708908290085,0.25546925662514774,-0.018586519780975086,-0.018644723755133485,0.9588459968958547,0.04981698611506211,-0.010841849011806959
2025-09-11,1212.0999755859375,1224.9000244140625,1212.0999755859375,1220.800048828125,783400,0.0,0.0,0.0027105123844968215,0.2554113997867148,-0.018586519780975086,-0.0067169666728461586,0.9615661516475592,0.010612338684322193,-0.009583939035240574
2025-09-12,1220.199951171875,1223.0,1209.5,1217.5999755859375,632659,0.0,0.0,-0.0026212918694256127,0.2490864671575117,-0.018586519780975086,-0.007473698889948088,0.9690497914749083,-0.01052362175313122,-0.018971728029824608
2025-09-15,1212.199951171875,1220.0,1209.5999755859375,1212.5,523120,0.0,0.0,-0.004188547707126289,0.25127057558180926,-0.018586519780975086,-0.020453648518041212,0.9782020628624355,-0.016669470871124196,-0.01995872261597942
2025-09-16,1212.0,1215.0,1201.199951171875,1204.199951171875,1137133,0.0,0.0,-0.0068454010953608035,0.25127525642739046,-0.018586519780975086,-0.001660853746135449,0.9874398340930375,-0.02724263789543679,-0.029729221233544822
2025-09-17,1207.0,1212.5999755859375,1195.5999755859375,1204.300048828125,1005661,0.0,0.0,8.312378368113826e-05,0.18988054302219443,-0.018586519780975086,0.010960683082857692,0.9891388797831988,0.00043776880969702167,-0.0213402575771674
2025-09-18,1205.0999755859375,1213.300048828125,1200.0,1209.0999755859375,1345158,0.0,0.0,0.003985656865565401,0.18440313749980292,-0.018586519780975086,0.009676679743970462,0.9859895969155614,0.02161382232138777,-0.02944336804629044
2025-09-19,1212.0,1212.0,1191.0,1194.5,2395784,0.0,0.0,-0.01207507723160961,0.17048913156986434,-0.018586519780975086,0.019338614973576806,0.9986730819069826,-0.07082607795676767,-0.026705755055724145
2025-09-22,1198.9000244140625,1201.199951171875,1184.0,1188.300048828125,1107323,0.0,0.0,-0.005190415380389335,0.16827864779130958,-0.018586519780975086,0.020365185708559386,1.004952409735464,-0.03084416912111468,-0.03012711214093633
2025-09-23,1189.800048828125,1194.5,1165.0,1168.4000244140625,2114020,0.0,0.0,-0.01674663266545129,0.1714912739088719,-0.018586519780975086,0.03064012838904695,1.022727639344711,-0.09765296686652727,-0.01326600451568205
2025-09-24,1167.9000244140625,1185.199951171875,1161.4000244140625,1178.5999755859375,1395188,0.0,0.0,0.008729845051989038,0.17075185907937077,-0.018586519780975086,0.021805594582174237,1.0145723950193737,0.051125912114795856,-0.010351222997276754
2025-09-25,1184.5,1192.4000244140625,1171.5999755859375,1173.5,1273981,0.0,0.0,-0.004327147201409032,0.16982511833773972,-0.018586519780975086,0.0303365791103003,1.0194546218826561,-0.025480017261069975,-0.00306772525431398
2025-09-26,1170.0,1179.0,1160.199951171875,1162.5999755859375,1011036,0.0,0.0,-0.00928847414917977,0.17319470125546785,-0.018586519780975086,0.027438521489719925,1.0292878248142934,-0.05363024125765,0.016428673651323056
2025-09-29,1160.0,1162.0999755859375,1149.199951171875,1152.5,2130382,0.0,0.0,-0.008687403920550785,0.17489308401600592,-0.018586519780975086,0.03106294909164853,1.0373579165113205,-0.049672652710665226,0.021084641065618248
2025-09-30,1155.5999755859375,1159.5999755859375,1146.4000244140625,1152.9000244140625,1409305,0.0,0.0,0.0003470927670823354,0.16519064375204215,-0.018586519780975086,0.013444357421952047,1.0349162750566279,0.0021011646797120596,0.023939608813838387
2025-10-01,1157.9000244140625,1169.199951171875,1145.0,1166.4000244140625,727804,0.0,0.0,0.011709601625571109,0.1493415347759784,-0.018586519780975086,0.010459491526505715,1.021720655533472,0.07840819942726748,0.018347071301556994
2025-10-03,1160.0,1171.300048828125,1154.4000244140625,1169.9000244140625,1159975,0.0,0.0,0.0030006858082485266,0.14941864691794599,-0.018586519780975086,0.00307716515156109,1.0168390248524048,0.020082403831914838,0.025301286407582113
2025-10-06,1163.5,1183.699951171875,1163.5,1181.699951171875,639965,0.0,0.0,0.010086269349145915,0.14380870239397453,-0.018586519780975086,-0.016163134784761835,1.0055513638468152,0.07013670577561282,0.005415947091912621
2025-10-07,1181.699951171875,1192.199951171875,1175.0,1176.800048828125,922441,0.0,0.0,-0.004146486033862362,0.14398001720940518,-0.018586519780975086,-0.020649258854402164,1.0092751131546525,-0.028799036326279445,-0.0011047321330582838
2025-10-08,1170.0,1182.5,1158.5999755859375,1180.5,893579,0.0,0.0,0.003144078023755492,0.13229659356374887,-0.018586519780975086,-0.023379903079997932,1.0051927190875158,0.023765372194460583,0.034646356979298965
2025-10-09,1175.0999755859375,1189.0999755859375,1172.9000244140625,1187.800048828125,922191,0.0,0.0,0.006183861777318889,0.1266709044599059,-0.018586519780975086,-0.01801652090785444,0.9977647403647393,0.048818324267140396,0.07475999588097504
2025-10-10,1186.4000244140625,1202.0,1184.4000244140625,1199.5,1110822,0.0,0.0,0.009850101608783524,0.12321877434789828,-0.018586519780975086,-0.024676928375104157,0.9871446476722072,0.07993993497754821,0.07503126302626084
2025-10-13,1199.0,1200.800048828125,1181.9000244140625,1188.0999755859375,1062394,0.0,0.0,-0.009503980336859064,0.12621206872282928,-0.018586519780975086,-0.005386772616425839,0.9953749930005552,-0.07530167027619031,0.0818955061253488
2025-10-14,1190.0999755859375,1194.300048828125,1171.0,1175.5,1293553,0.0,0.0,-0.010605147584254015,0.13026083036366226,-0.018586519780975086,0.0011059539158868592,1.0044704422652595,-0.0814147026431471,0.09510850602137388
2025-10-15,1175.5,1225.0,1175.5,1221.4000244140625,2283392,0.0,0.0,0.03904723472059768,0.19137772309221993,-0.018586519780975086,-0.03348618273827475,0.9674267110906384,0.20403227736939406,0.04208287488672724
2025-10-16,1221.4000244140625,1286.5,1216.5,1276.5999755859375,6927367,0.0,0.0,0.04519399874611585,0.24412929373538597,-0.018586519780975086,-0.06955971209153033,0.9284270934901218,0.1851232033787392,0.004230005105227974
2025-10-17,1263.9000244140625,1311.5999755859375,1261.300048828125,1289.5,3171952,0.0,0.0,0.010104985634314723,0.2451413335215504,-0.018586519780975086,-0.06979449398991855,0.9222566933722495,0.04122105838677674,-0.0050407134548274835
2025-10-20,1289.5,1305.5999755859375,1280.800048828125,1285.4000244140625,1246633,0.0,0.0,-0.0031795080154614075,0.2461697601555295,-0.018586519780975086,-0.07569631786219877,0.9287342342072842,-0.012915915765987846,-0.0112027572277561
2025-10-21,1280.0,1292.0,1277.300048828125,1287.300048828125,245138,0.0,0.0,0.0014781580659519733,0.2400927686201224,-0.018586519780975086,-0.08684847711293153,0.9312087018216763,0.006156611933300719,-0.01110855922140519
2025-10-23,1287.0,1303.800048828125,1270.800048828125,1272.800048828125,1751448,0.0,0.0,-0.011263885224893633,0.24381188240566964,-0.018586519780975086,-0.04038342429463826,0.945918417942724,-0.04619908042119647,0.005578233275897793
2025-10-24,1274.4000244140625,1284.5,1259.4000244140625,1282.0,1433533,0.0,0.0,0.007228119750895212,0.23276099474672418,-0.018586519780975086,-0.004212187530469924,0.9431630341385531,0.03105382604255552,-0.008112343536710198
2025-10-27,1282.0,1292.199951171875,1275.800048828125,1283.0,1107997,0.0,0.0,0.0007800312012480326,0.23258209473837704,-0.018586519780975086,0.00506625097427893,0.9466952531298714,0.003353788556198082,-0.012704636654812917
2025-10-28,1283.800048828125,1288.9000244140625,1263.699951171875,1271.0,1343829,0.0,0.0,-0.009353078721745955,0.23552329816324252,-0.018586519780975086,0.011329680892260052,0.9598977269758678,-0.03971190280353605,-0.004720692368214041
2025-10-29,1275.0,1281.0,1266.5,1273.0,836932,0.0,0.0,0.0015735641227379027,0.23081180181452543,-0.018586519780975086,0.011233345505204273,0.963122553799158,0.006817519910993027,-0.005420286263992491
2025-10-30,1278.0,1281.4000244140625,1267.699951171875,1279.9000244140625,728703,0.0,0.0,0.005420286263992491,0.22583112931705823,-0.018586519780975086,-0.005547289202676442,0.9628916223753667,0.024001500769044157,-0.013438606855298518
2025-10-31,1279.9000244140625,1284.0,1269.5999755859375,1271.5999755859375,943037,0.0,0.0,-0.006484919657630872,0.2288625683271831,-0.018586519780975086,0.008178691895043722,0.9733131741958561,-0.028335430392468962,-0.006841735875204091
2025-11-03,1269.5999755859375,1269.9000244140625,1255.5,1266.699951171875,847050,0.0,0.0,-0.0038534322964300927,0.22926991693602475,-0.018586519780975086,0.01286812146242311,0.9808992285294723,-0.016807404040850724,0.0011052533891449112
2025-11-04,1266.0,1269.0,1250.699951171875,1265.0,770668,0.0,0.0,-0.0013420314497544217,0.2300087374840621,-0.018586519780975086,0.004743083003952542,0.9855098872128211,-0.0058346974383981405,0.010434744009387265
2025-11-06,1265.0,1278.9000244140625,1260.0999755859375,1266.0999755859375,1171263,0.0,0.0,0.0008695459177372467,0.2290622431741824,-0.018586519780975086,0.005449825880353032,0.988180260475163,0.003796111780477558,0.0071874068094237575
2025-11-07,1264.0,1270.9000244140625,1256.4000244140625,1262.699951171875,596683,0.0,0.0,-0.002685431229464297,0.22851199036191253,-0.018586519780975086,0.013621663029466768,0.9940960242025407,-0.011751817082740368,0.0070484079814865375
2025-11-10,1263.0999755859375,1273.199951171875,1260.199951171875,1262.9000244140625,737986,0.0,0.0,0.00015844876053239254,0.22879742348282114,-0.018586519780975086,0.006888867688407352,0.9969118502346439,0.0006925285748202652,0.005859548872442
2025-11-11,1268.0,1270.199951171875,1255.0,1268.0999755859375,729912,0.0,0.0,0.0041174685813214484,0.2285828405147932,-0.018586519780975086,-0.0011040331527611968,0.9955287619936901,0.018013024914373347,-0.002365744072042708
2025-11-12,1270.0,1286.9000244140625,1261.5999755859375,1278.199951171875,824792,0.0,0.0,0.007964652456736054,0.22798596160379112,-0.018586519780975086,-0.010326984569020703,0.9911868611769595,0.03493483568619541,0.0006259183685553005
2025-11-13,1280.0,1289.300048828125,1270.300048828125,1275.199951171875,691337,0.0,0.0,-0.002347050629480596,0.2243083126562624,-0.018586519780975086,-0.007136116636120349,0.9974278888172217,-0.010463502208419146,0.003136762980836094
2025-11-14,1275.199951171875,1279.0,1262.4000244140625,1271.5999755859375,675047,0.0,0.0,-0.002823067537470636,0.21972970124803987,-0.018586519780975086,-0.006999075640876318,1.002225556105834,-0.012847909922767988,0.007156319409131973
2025-11-17,1272.0,1278.0,1264.0999755859375,1270.300048828125,774802,0.0,0.0,-0.0010222764884951774,0.17887324885913353,-0.018586519780975086,-0.005825414571060672,1.0030031861474658,-0.005715088409610974,-0.0008660140234307834
2025-11-18,1262.0999755859375,1269.9000244140625,1252.5999755859375,1265.0999755859375,810387,0.0,0.0,-0.004093578715504753,0.08608818541208375,-0.018586519780975086,0.002371354088921418,1.006161583812884,-0.04755098763436455,-0.001501876887779141
2025-11-19,1267.9000244140625,1280.0,1263.0,1279.0,726287,0.0,0.0,0.01098729324346448,0.08748977344552875,-0.018586519780975086,-0.000625526839816315,0.994976539403037,0.12558372887395686,-0.0017200556465011285
2025-11-20,1288.0,1288.5999755859375,1275.199951171875,1279.199951171875,796864,0.0,0.0,0.00015633398895631423,0.08690351743978798,-0.018586519780975086,-0.003126954465825005,0.9945044071087066,0.0017989372072915208,-0.010006197034393649
2025-11-21,1275.0,1288.9000244140625,1273.0,1280.699951171875,673231,0.0,0.0,0.0011726079246843213,0.08683488532798048,-0.018586519780975086,-0.007105470393444446,0.9936480304902238,0.01350387905985621,-0.015304112074028708
2025-11-24,1285.0,1285.800048828125,1259.5,1269.199951171875,2636542,0.0,0.0,-0.008979464697782769,0.08347308961690966,-0.018586519780975086,0.0008667646537758866,1.0021470458733173,-0.10757315517206148,-0.006775902865420846
2025-11-25,1267.4000244140625,1270.9000244140625,1250.800048828125,1263.199951171875,1065974,0.0,0.0,-0.004727387512472037,0.08042771774368794,-0.018586519780975086,0.0015041359147456301,1.0061233600183375,-0.05877808120524762,-0.0034039953483401275
2025-11-26,1257.0999755859375,1282.699951171875,1257.0999755859375,1276.800048828125,810809,0.0,0.0,0.010766385514528576,0.089641200896295,-0.018586519780975086,0.0017230193356385648,0.9956335628716582,0.120105311015757,-0.027333977975717128
2025-11-27,1276.0,1279.5,1260.5,1266.4000244140625,708607,0.0,0.0,-0.008145382218310404,0.08817570019002265,-0.018586519780975086,0.010107332999882646,1.0035493986176867,-0.09237671237075082,-0.018951357815319314
2025-11-28,1266.300048828125,1269.699951171875,1258.199951171875,1261.0999755859375,626947,0.0,0.0,-0.004185130074185861,0.08900351506434166,-0.018586519780975086,0.015541968095615033,1.007021651775624,-0.047022070992810486,-0.011259972600726864
2025-12-01,1260.5999755859375,1264.0,1251.5999755859375,1260.5999755859375,644563,0.0,0.0,-0.0003964792718100796,0.08642783869189462,-0.018586519780975086,0.006822128948511308,1.0069847731662218,-0.004587401836455317,-0.03633184804443956
2025-12-02,1251.0,1261.800048828125,1251.0,1258.9000244140625,911551,0.0,0.0,-0.001348525467870898,0.0838973621149996,-0.018586519780975086,0.003415622110114702,1.0080347601244226,-0.016073512600876826,-0.03423621792842346
2025-12-03,1257.0,1258.0,1236.0999755859375,1241.9000244140625,642993,0.0,0.0,-0.013503852307821251,0.09476533066987923,-0.018586519780975086,0.028102120724676327,1.0209034225196574,-0.1424977973208869,-0.02625008047754762
2025-12-04,1241.9000244140625,1245.0,1233.199951171875,1242.4000244140625,664641,0.0,0.0,0.00040260889779419884,0.09486105905895123,-0.018586519780975086,0.019317449716985235,1.0195387660189035,0.004244195240346684,-0.02205410807761765
2025-12-05,1237.5,1249.0,1234.199951171875,1246.9000244140625,911699,0.0,0.0,0.0036220218219347178,0.09595929239791245,-0.018586519780975086,0.01138820345965419,1.0152257331536558,0.03774539551064424,-0.006897085105102008
2025-12-08,1246.9000244140625,1248.0,1212.800048828125,1214.800048828125,1534927,0.0,0.0,-0.02574382465107561,0.12936897656022556,-0.018586519780975086,0.03770161748181855,1.0400723920735895,-0.19899533370071662,0.023625246969294134
2025-12-09,1214.9000244140625,1221.5,1207.300048828125,1215.800048828125,810028,0.0,0.0,0.0008231807374099454,0.12951669832215967,-0.018586519780975086,0.03544988802022209,1.0370660846355473,0.006355787975728713,0.020398030730230943
2025-12-10,1215.800048828125,1221.800048828125,1205.0,1209.300048828125,514862,0.0,0.0,-0.005346273843519933,0.12823309959024254,-0.018586519780975086,0.026957722872440693,1.0397915740094519,-0.04169183653584846,0.02092113266871154
2025-12-11,1209.4000244140625,1220.4000244140625,1205.800048828125,1215.0,339626,0.0,0.0,0.004713430035331978,0.12544146879050694,-0.018586519780975086,0.022551460423096747,1.0324362170058514,0.03757473270227964,0.015226337448559724
2025-12-12,1219.0,1240.0,1215.4000244140625,1238.300048828125,841766,0.0,0.0,0.019176994920267587,0.1459926063333809,-0.018586519780975086,0.006944985259490277,1.0116651521654738,0.1313559233466714,0.004926088464350942
2025-12-15,1238.0,1248.0,1225.5,1243.5,857798,0.0,0.0,0.004199265902311788,0.1471262643336245,-0.018586519780975086,-0.023079976816948178,1.0063570606214818,0.028541916944008965,0.011017250640832366
2025-12-16,1236.5,1264.0,1234.4000244140625,1240.5999755859375,1086329,0.0,0.0,-0.002332146694059123,0.1471961959500858,-0.018586519780975086,-0.019990268616682405,1.0077220937331957,-0.01584379623785924,0.012816399102823617
2025-12-17,1237.0,1241.4000244140625,1224.300048828125,1234.5999755859375,526222,0.0,0.0,-0.004836369593805734,0.14740983438843783,-0.018586519780975086,-0.020492408276458263,1.0108213416008138,-0.03280900006285521,0.020330452034899027
2025-12-18,1234.699951171875,1243.9000244140625,1227.5,1233.5,707432,0.0,0.0,-0.0008909570773444342,0.1407075224384398,-0.018586519780975086,-0.014997973246858587,1.009870292747074,-0.006331978550858547,0.0316983993400386
2025-12-19,1230.800048828125,1246.199951171875,1229.699951171875,1244.4000244140625,754446,0.0,0.0,0.008836663489308894,0.14527819089937183,-0.018586519780975086,-0.004901941068998106,0.9995660441675964,0.060825804797993634,0.028608144396895296
2025-12-22,1246.0,1259.9000244140625,1240.0,1257.199951171875,880387,0.0,0.0,0.010286022586538879,0.15054549098723274,-0.018586519780975086,-0.010897193528447757,0.9889119138182784,0.0683250081808237,0.013442590733725002
2025-12-23,1260.0,1261.5,1251.0999755859375,1256.5,663261,0.0,0.0,-0.0005567540558862882,0.14760527848151475,-0.018586519780975086,-0.012654217599731399,0.9891961895798099,-0.003771911302188966,0.025069637883008422
2025-12-24,1251.0999755859375,1264.0999755859375,1247.9000244140625,1259.699951171875,598956,0.0,0.0,0.0025467180038798443,0.1470914427743452,-0.018586519780975086,-0.01992536044999249,0.9860046483043399,0.017313840851016653,0.028022584898321323
2025-12-26,1264.0,1277.0,1251.4000244140625,1272.5999755859375,1433973,0.0,0.0,0.010240553238143546,0.1466128872939137,-0.018586519780975086,-0.030724482426565225,0.9762533621853867,0.06984756066592417,0.005579110264141374
2025-12-29,1275.0,1286.5,1270.800048828125,1280.0,888206,0.0,0.0,0.005814886496956939,0.14494591612892688,-0.018586519780975086,-0.027812480926513672,0.9713476610183716,0.040117626291784836,0.027031230926513716
2025-12-30,1284.0,1289.0,1267.699951171875,1274.0999755859375,2043408,0.0,0.0,-0.0046093940734863725,0.14512783944829902,-0.018586519780975086,-0.013264284387330294,0.9763755042310716,-0.031760920395423095,0.03594698195254442
2025-12-31,1274.199951171875,1294.300048828125,1270.4000244140625,1288.0,738631,0.0,0.0,0.01090968109285928,0.14944065763173991,-0.018586519780975086,-0.024456521739130488,0.9669681714928668,0.07300342848938235,0.02080749132618398
2026-01-01,1293.0,1299.0,1284.0,1295.0,932297,0.0,0.0,0.005434782608695565,0.14990592377554346,-0.018586519780975086,-0.027258724963803105,0.9637915086193896,0.03625461962588587,0.009189208041747055
2026-01-02,1292.0,1299.0,1277.5999755859375,1279.699951171875,736473,0.0,0.0,-0.011814709519787692,0.14789202944648774,-0.018586519780975086,-0.005548156487335754,0.9767719369336111,-0.07988739329044581,0.01515982273524119
2026-01-05,1279.0,1320.0,1278.5,1314.5999755859375,2397082,0.0,0.0,0.027272036997503246,0.17266354536600176,-0.018586519780975086,-0.026319775010276936,0.9534155034499767,0.15794900631863876,-0.0016734757437482095
2026-01-06,1319.0,1323.5,1298.4000244140625,1319.9000244140625,866154,0.0,0.0,0.004031681824550937,0.1726954489057403,-0.018586519780975086,-0.03469963480639893,0.953568431742868,0.023345615745180005,-0.0009092152587240054
2026-01-07,1312.5,1332.699951171875,1304.199951171875,1314.800048828125,676669,0.0,0.0,-0.0038639105171632826,0.1408797020174014,-0.018586519780975086,-0.020383364643172697,0.9610320576608588,-0.027427018850563905,-0.005856459504280154
2026-01-08,1309.0999755859375,1315.0999755859375,1299.0,1306.9000244140625,555817,0.0,0.0,-0.00600853675135149,0.14464292430087833,-0.018586519780975086,-0.009105535382783247,0.9705753855853542,-0.0415404788377209,0.00015299653235878452
2026-01-09,1306.9000244140625,1310.800048828125,1290.0999755859375,1299.0999755859375,1194489,0.0,0.0,-0.005968359233616272,0.1451367537488623,-0.018586519780975086,-0.014933434515163047,0.9796397643087298,-0.04112231166972714,0.012932067695981209
2026-01-12,1293.0,1318.0,1291.5999755859375,1312.4000244140625,1032516,0.0,0.0,0.010237894756426558,0.1469895637344017,-0.018586519780975086,0.0016762809592731909,0.9725350266170758,0.06965048265889666,0.002438243761313297
2026-01-13,1312.4000244140625,1321.9000244140625,1309.0,1318.699951171875,1316337,0.0,0.0,0.004800309845029993,0.13596325678456558,-0.018586519780975086,0.0009100426834178776,0.9707401513868177,0.035305931951724184,-0.017441420225700943
2026-01-14,1321.0,1328.199951171875,1302.199951171875,1307.0999755859375,904110,0.0,0.0,-0.008796523860965522,0.14188486834383268,-0.018586519780975086,0.005890959671035034,0.9818988709406438,-0.061997613583941735,-0.018284771525107546
2026-01-15,1307.0999755859375,1307.0999755859375,1307.0999755859375,1307.0999755859375,0,0.0,0.0,0.0,0.14112951684475106,-0.018586519780975086,-0.00015297312800066631,0.9846721859645194,0.0,-0.000841538984379886
2026-01-16,1318.199951171875,1320.9000244140625,1305.300048828125,1315.9000244140625,1491989,0.0,0.0,0.006732498655414698,0.13920107546039878,-0.018586519780975086,-0.012766964447474383,0.9812181529748132,0.04836527411512191,-0.016794570389781716
2026-01-19,1306.0,1320.300048828125,1305.5,1315.5999755859375,867546,0.0,0.0,-0.00022801795163629457,0.13898169061824103,-0.018586519780975086,-0.002432313188854951,0.9841479272124664,-0.001640632907943909,-0.00934929080728697
2026-01-20,1315.0,1317.0999755859375,1291.5999755859375,1295.699951171875,1173676,0.0,0.0,-0.015126197007718445,0.15082456483203832,-0.018586519780975086,0.017751023282202016,1.0007486593180155,-0.10029000263758955,-0.0025468294220648557
2026-01-21,1298.9000244140625,1311.699951171875,1271.300048828125,1283.199951171875,1046054,0.0,0.0,-0.009647295262066313,0.15276763009359987,-0.018586519780975086,0.01862533145534795,1.0115375903707524,-0.06315012299827025,0.003662775421628739
2026-01-22,1285.9000244140625,1312.0,1272.300048828125,1306.0,994359,0.0,0.0,0.017768118528451504,0.1632171752261595,-0.018586519780975086,0.0008422477687117791,0.9956508338542663,0.10886181197054325,0.020214413793309793
2026-01-23,1310.0,1311.9000244140625,1290.300048828125,1293.800048828125,744221,0.0,0.0,-0.009341463378158554,0.16774852678930197,-0.018586519780975086,0.017081445935911654,1.0058586671522558,-0.05568730170142563,0.011207295913409077
2026-01-27,1300.0,1314.0,1290.300048828125,1303.300048828125,1159495,0.0,0.0,0.007342711115681855,0.16610032999574567,-0.018586519780975086,0.009437524972758293,0.9994206601069213,0.044206478541042864,0.0036061927382731174
2026-01-28,1297.199951171875,1306.0,1273.0,1292.4000244140625,940426,0.0,0.0,-0.008363403671981295,0.16836959349665975,-0.018586519780975086,0.002553332323951718,1.0085577011262792,-0.049672883336968926,0.008356489131690292
2026-01-29,1286.5,1294.4000244140625,1262.300048828125,1287.9000244140625,1151521,0.0,0.0,-0.0034818940846431667,0.16798228335208593,-0.018586519780975086,-0.003649408458025194,1.0120777809382457,-0.020727744663809416,0.012112722486386174
2026-01-30,1286.0,1339.5999755859375,1283.0,1332.4000244140625,5292100,0.0,0.0,0.034552371423585804,0.20270272402190165,-0.018586519780975086,-0.019813887669112185,0.9796795077169344,0.17045833935250468,-0.02184026947818052
2026-02-02,1297.5,1311.0,1273.9000244140625,1308.300048828125,1254558,0.0,0.0,-0.018087642708154217,0.21332946334861508,-0.018586519780975086,-0.011083084505720264,0.9988190446475207,-0.08478735930968181,-0.009707309308413792
2026-02-03,1330.0,1340.4000244140625,1291.0999755859375,1308.0,1232271,0.0,0.0,-0.0002293425184793918,0.20857570752800045,-0.018586519780975086,-0.0035932348408830306,0.9987958762259294,-0.0010995648064765905,0.0004586969311448641
2026-02-04,1313.5999755859375,1328.0,1295.0999755859375,1303.199951171875,875783,0.0,0.0,-0.0036697621010129966,0.18602079445453618,-0.018586519780975086,-0.008287236926383335,1.001833986616852,-0.019727697188353432,0.001611493043996548
2026-02-05,1304.800048828125,1310.5999755859375,1287.0,1303.5,854891,0.0,0.0,0.00023024005476313114,0.1853575280403423,-0.018586519780975086,-0.011967760326764498,1.0011699271192942,0.001242140229079976,0.0015343306482547003
2026-02-06,1291.0999755859375,1305.199951171875,1278.699951171875,1303.300048828125,835646,0.0,7.0,-0.0001533956055811414,0.18496208283978344,-0.018586519780975086,0.02232791720686511,1.0011854157405788,-0.0008293353693505981,-0.01588281475228992
2026-02-09,1301.0,1307.0,1290.300048828125,1295.5999755859375,746303,0.0,0.0,-0.00590813546666491,0.1849237326158803,-0.018586519780975086,0.009802464866861316,1.0070006373924665,-0.03194903684670261,-0.0044766338893990065
2026-02-10,1296.9000244140625,1310.300048828125,1296.5,1308.5999755859375,936331,0.0,0.0,0.010033961288182791,0.18709297940918274,-0.018586519780975086,-0.0004584866247371311,0.996851614791758,0.05363087799210885,-0.01780523245645005
2026-02-11,1315.0,1324.9000244140625,1296.699951171875,1305.300048828125,911500,0.0,0.0,-0.002521723077623439,0.18384296334264041,-0.018586519780975086,-0.0016089003123346268,0.9988584654023775,-0.013716722656152517,-0.0033708911740352177
2026-02-12,1312.0999755859375,1312.0999755859375,1295.0999755859375,1305.5,534672,0.0,0.0,0.00015318406833308984,0.1829546343252921,-0.018586519780975086,-0.0015319800842589215,0.9986442013656166,0.0008372789272336242,-0.020681731137495163
2026-02-13,1305.0,1310.4000244140625,1278.0,1282.5999755859375,522586,0.0,0.0,-0.017541190665693263,0.19035952262672073,-0.018586519780975086,0.016139149880094905,1.0155192808948728,-0.09214768718774953,0.008732319862294391
2026-02-16,1276.699951171875,1295.5,1274.199951171875,1289.800048828125,456222,0.0,0.0,0.005613654591641648,0.19165776857462352,-0.018586519780975086,0.0044967642566629,1.0088385461651581,0.029289990906661408,0.019615386726647532
2026-02-17,1281.0,1289.5999755859375,1278.0,1285.300048828125,396198,0.0,0.0,-0.00348891287768871,0.1900174886476188,-0.018586519780975086,0.01812800581393903,1.0111919088080759,-0.018361008341441144,0.026997549096425155
2026-02-18,1286.5999755859375,1303.4000244140625,1278.0,1300.9000244140625,446022,0.0,0.0,0.012137224767213572,0.19544366094709903,-0.018586519780975086,0.003382292514018781,0.9992658844120184,0.06210088414937095,0.017295718024245677
2026-02-19,1299.800048828125,1300.0,1271.9000244140625,1278.5,659360,0.0,0.0,-0.017218866933415344,0.1975450046116697,-0.018586519780975086,0.021118498240125128,1.0165897660298322,-0.08716426970968552,0.03089558075870169
2026-02-20,1278.5,1301.0,1276.4000244140625,1293.800048828125,754146,0.0,0.0,0.011967187194466211,0.1992037720585152,-0.018586519780975086,-0.008656726557037975,1.0040964362980371,0.060075100335950975,-0.001623201095217297
2026-02-23,1299.0,1318.5,1295.5,1315.0999755859375,933582,0.0,0.0,0.0164630746281893,0.1978220784020004,-0.018586519780975086,-0.01923802541821218,0.988643478659601,0.08322161979573371,-0.026918124151200096
2026-02-24,1305.5999755859375,1323.9000244140625,1305.5999755859375,1320.0,1120203,0.0,0.0,0.0037259710326429385,0.19486773283488087,-0.018586519780975086,-0.026287841796875044,0.9856060698538115,0.01912051208906392,-0.05659087209990532
2026-02-25,1328.0,1334.800048828125,1315.0,1323.4000244140625,991399,0.0,0.0,0.0025757760712594724,0.1936165399332555,-0.018586519780975086,-0.017001662071120083,0.98424511725677,0.0133034912157427,-0.05478313334027596
2026-02-26,1329.199951171875,1329.199951171875,1310.5999755859375,1318.0,438946,0.0,0.0,-0.0040804173450528225,0.19162080858141067,-0.018586519780975086,-0.029969650986342966,0.9894195834494144,-0.021294227711062853,-0.04977236387400419
2026-02-27,1311.0999755859375,1322.9000244140625,1286.0,1291.699951171875,1640870,0.0,0.0,-0.01995451352665023,0.20453994791349905,-0.018586519780975086,0.0016258401607469608,1.0079895150131275,-0.09755802108402258,-0.043276228580047316
2026-03-02,1261.9000244140625,1288.0,1261.300048828125,1279.699951171875,1161869,0.0,0.0,-0.009290083187750486,0.16422537208818558,-0.018586519780975086,0.027662753586608524,1.0163241791565292,-0.05656910685561326,-0.0300851773611025
2026-03-04,1259.699951171875,1270.0,1240.0,1245.300048828125,1112032,0.0,0.0,-0.026881225018605792,0.17745978966316245,-0.018586519780975086,0.0599855040896935,1.041881437412427,-0.15147782804685464,-0.009315102546704424
2026-03-05,1249.5,1254.4000244140625,1222.699951171875,1250.9000244140625,935711,0.0,0.0,0.004496888594204496,0.17889983670361045,-0.018586519780975086,0.05795826891438427,1.0351266953979328,0.0251363468279246,-0.02406265488725745
2026-03-06,1250.0,1264.0999755859375,1234.199951171875,1252.4000244140625,830769,0.0,0.0,0.0011991365982286784,0.17914355206393753,-0.018586519780975086,0.05237941097663956,1.031846841723133,0.006693718626632525,-0.04008309826221357
2026-03-09,1227.0,1242.5999755859375,1217.4000244140625,1235.800048828125,1467475,0.0,0.0,-0.01325453150937439,0.18323258752763283,-0.018586519780975086,0.04523377580115673,1.042976176435551,-0.07233719157081485,-0.018125929380973793
2026-03-10,1236.9000244140625,1249.5,1233.5,1241.199951171875,1301806,0.0,0.0,0.004369559904833009,0.18461857631484088,-0.018586519780975086,0.031018370540258466,1.0362472277980432,0.02366803902062896,-0.02763448929032608
2026-03-11,1237.0999755859375,1245.9000244140625,1226.0999755859375,1233.699951171875,1472136,0.0,0.0,-0.006042539715634732,0.18465264882277044,-0.018586519780975086,0.009402689564209865,1.0395112734713505,-0.032723816457115626,-0.023425389874011437
2026-03-12,1225.0,1229.9000244140625,1209.300048828125,1220.800048828125,1358564,0.0,0.0,-0.010456272071257322,0.18106582974075247,-0.018586519780975086,0.024655942318180024,1.0470346954451817,-0.05774845264147266,-0.028260156143602222
2026-03-13,1219.0,1238.5999755859375,1200.5999755859375,1202.199951171875,1681371,0.0,0.0,-0.015235990262373211,0.18572749887664336,-0.018586519780975086,0.04175684185750783,1.0589378278063226,-0.0820341066034147,-0.007153531804384494
2026-03-16,1200.0,1219.300048828125,1196.5,1213.4000244140625,1100151,0.0,0.0,0.009316314837036765,0.19085455310031968,-0.018586519780975086,0.018460543895966408,1.0463120008072295,0.048813686640228726,-0.0384044623770633
2026-03-17,1213.4000244140625,1225.0,1199.0999755859375,1206.9000244140625,1673011,0.0,0.0,-0.005356848417024551,0.18403151668248036,-0.018586519780975086,0.028419857539123683,1.0485127023821865,-0.029108319175480266,-0.01963714704015662
2026-03-18,1206.0,1213.300048828125,1199.9000244140625,1204.800048828125,1144239,0.0,0.0,-0.0017399747646512642,0.18152715709180686,-0.018586519780975086,0.023987301769999192,1.0469994646252447,-0.00958520309949682,-0.0005810700645874078
2026-03-19,1193.0,1203.0,1177.699951171875,1186.300048828125,826831,0.0,0.0,-0.015355245061613676,0.18637232189471384,-0.018586519780975086,0.02908201852817971,1.0584969701085698,-0.08239015365375274,0.005816321385610612
2026-03-20,1204.0,1204.0,1177.5999755859375,1193.5999755859375,1395157,0.0,0.0,0.006153524789132003,0.18102387269793513,-0.018586519780975086,0.0072050735270128285,1.048466849615324,0.033992889211199064,-0.015750609201029553
2026-03-23,1189.0,1189.0,1164.800048828125,1166.800048828125,944890,0.0,0.0,-0.02245302220675438,0.18664997792425383,-0.018586519780975086,0.039938270171260504,1.0671065769615207,-0.12029479592501367,0.01199862822602804
2026-03-24,1180.0,1195.0999755859375,1163.199951171875,1183.199951171875,1001494,0.0,0.0,0.014055452226130027,0.1890646021195922,-0.018586519780975086,0.020030488691885395,1.0467419337333153,0.07434205729224092,0.006845924603214648
2026-03-25,1183.199951171875,1217.800048828125,1180.0,1204.0999755859375,1003662,0.0,0.0,0.017663983499460523,0.1907548134311418,-0.018586519780975086,0.0005814079033152897,1.0237605088084565,0.092600455295102,0.00988292056751483
2026-03-27,1204.0999755859375,1215.699951171875,1188.300048828125,1193.199951171875,2005121,0.0,0.0,-0.009052424744679821,0.1892616017555038,-0.018586519780975086,-0.00578268741712018,1.0276567634751532,-0.04783022114581867,0.024807323891673727
2026-03-30,1185.0,1194.4000244140625,1169.5999755859375,1174.800048828125,1814954,0.0,0.0,-0.015420636185644265,0.19077035321349609,-0.018586519780975086,0.01600266085838653,1.0376574325625973,-0.08083350016158762,0.03311193456499506
2026-04-01,1174.800048828125,1191.5999755859375,1167.0999755859375,1180.800048828125,1836376,0.0,0.0,0.005107252085991165,0.19430649802840083,-0.018586519780975086,-0.011856368073404289,1.0276888187195974,0.026284513770607535,0.04056563377625855
2026-04-02,1173.300048828125,1200.0,1159.4000244140625,1191.300048828125,1357820,0.0,0.0,0.008892276055053161,0.19229672830863426,-0.018586519780975086,-0.006799376583773387,1.0149206435409714,0.0462424694941063,0.04868630707860233
2026-04-06,1190.0,1218.800048828125,1179.0,1216.0,1460974,0.0,0.0,0.020733610475524022,0.20886057762603127,-0.018586519780975086,-0.009786204287880351,0.9931003369783099,0.09927009547942063,0.008305900975277503
2026-04-07,1204.4000244140625,1225.4000244140625,1194.199951171875,1222.800048828125,1434686,0.0,0.0,0.005592145417866012,0.19026005274543922,-0.018586519780975086,-0.0242068175288489,0.9864286578515425,0.02939211381081111,0.02764141757289318
2026-04-08,1238.0,1250.5999755859375,1209.300048828125,1213.699951171875,1638620,0.0,0.0,-0.007442016104735272,0.19056729617678966,-0.018586519780975086,-0.03205067472087364,0.9922304158959954,-0.03905190378160302,0.036005664497220646
2026-04-09,1209.5,1230.0999755859375,1206.4000244140625,1228.699951171875,1258634,0.0,0.0,0.012358903026663981,0.19629646293858186,-0.018586519780975086,-0.038984214411390994,0.9798283147103325,0.06296039272458498,0.04630912889659844
2026-04-10,1230.800048828125,1252.300048828125,1229.0999755859375,1249.300048828125,1358310,0.0,0.0,0.01676576745738667,0.19988130660597636,-0.018586519780975086,-0.046425996744661524,0.9639958058545673,0.08387861227888961,0.029696609409995744
2026-04-13,1239.300048828125,1246.800048828125,1222.0999755859375,1226.0999755859375,1346881,0.0,0.0,-0.01857045732444318,0.2099626309463328,-0.018586519780975086,-0.008237481271550329,0.9819264599280123,-0.08844648381608924,0.12543842418284523
2026-04-15,1235.0,1259.9000244140625,1232.300048828125,1256.5999755859375,1236533,0.0,0.0,0.024875622385869933,0.2263549992542777,-0.018586519780975086,-0.026897920909199402,0.9595177688274226,0.10989649607411915,0.11077516787096875
2026-04-16,1255.0999755859375,1261.9000244140625,1246.5,1257.4000244140625,1126023,0.0,0.0,0.0006366774181671975,0.22252702418268638,-0.018586519780975086,-0.03475431238563187,0.9611022626694061,0.0028611239102054858,0.12175916384070429
2026-04-17,1258.0999755859375,1292.0,1252.800048828125,1285.5999755859375,1994195,0.0,0.0,0.022427191525637102,0.2250666598686726,-0.018586519780975086,-0.04425950956332991,0.9428282740524144,0.09964688036093246,0.10555388598256576
2026-04-20,1294.0,1294.300048828125,1274.5999755859375,1286.4000244140625,1156327,0.0,0.0,0.000622315528405526,0.2241489556322926,-0.018586519780975086,-0.02884015460341427,0.9453319208831802,0.0027763479820219635,0.10175685784341115
2026-04-21,1298.0999755859375,1396.0,1286.800048828125,1379.9000244140625,9586515,0.0,0.0,0.07268345633201312,0.32730137316885877,-0.018586519780975086,-0.11145738539531669,0.8876222793045487,0.22206889451033832,0.043553862252779796
2026-04-22,1391.0,1425.199951171875,1386.0,1395.800048828125,7723484,0.0,0.0,0.011522591588339237,0.3262677156298421,-0.018586519780975086,-0.09972780367722156,0.8850157341088648,0.03531636960442686,0.050007110127567866
2026-04-23,1388.9000244140625,1415.0,1382.0999755859375,1410.5,2963135,0.0,0.0,0.010531559433757387,0.3158476540714969,-0.018586519780975086,-0.1085430525245924,0.8834810394211383,0.0333437939606652,0.0341013651796791
2026-04-24,1420.0,1430.9000244140625,1409.0999755859375,1421.300048828125,3419416,0.0,0.0,0.007656893887362681,0.3157521789847582,-0.018586519780975086,-0.09547602095284069,0.8857207928343278,0.02424969376137022,0.026243527387877386
2026-04-27,1429.0,1437.9000244140625,1410.0,1417.300048828125,1719329,0.0,0.0,-0.0028143248171264013,0.29831675272206754,-0.018586519780975086,-0.09235872426752212,0.8964791979206447,-0.00943401500957028,0.02808151089158617
2026-04-28,1417.9000244140625,1445.0999755859375,1401.0,1440.0,4008095,0.0,0.0,0.016016334149317357,0.2987736871416671,-0.018586519780975086,-0.04173609415690105,0.8905382029215494,0.05360690818015022,0.02625003390842018
2026-04-29,1445.0,1470.0,1436.0999755859375,1465.5999755859375,2753356,0.0,0.0,0.017777760823567634,0.29881282347335164,-0.018586519780975086,-0.04762549667067706,0.8842760883027471,0.05949463621398667,0.013987445647851038
2026-04-30,1466.0,1466.0,1436.0999755859375,1458.5999755859375,2305703,0.0,0.0,-0.004776200952924747,0.29580758115933886,-0.018586519780975086,-0.03297681090842963,0.8982483420372386,-0.01614630961364346,0.011929264161047781
2026-05-01,1458.5999755859375,1458.5999755859375,1458.5999755859375,1458.5999755859375,0,0.0,0.0,0.0,0.2838423345770886,-0.018586519780975086,-0.02557241696293644,0.9077711697969955,0.0,0.016317050066152694
2026-05-04,1460.0,1472.9000244140625,1446.300048828125,1457.0999755859375,1744112,0.0,0.0,-0.0010283833985376134,0.28609920652124005,-0.018586519780975086,-0.027314479050627893,0.9178265217550479,-0.0035944991777398525,0.017020142230221635
2026-05-05,1456.0,1480.4000244140625,1447.5999755859375,1477.800048828125,2490700,0.0,0.0,0.01420635068905507,0.286382325275087,-0.018586519780975086,-0.025578594924326792,0.9138279606592954,0.04960623941909349,-0.006225519649619038
2026-05-06,1485.0,1490.0,1468.199951171875,1486.0999755859375,2133310,0.0,0.0,0.005616407148175684,0.2843334781483096,-0.018586519780975086,-0.01379449588640047,0.9175829510952364,0.019752886600702273,-0.011573885643254567
2026-05-07,1488.0,1493.0,1468.300048828125,1476.0,2247161,0.0,0.0,-0.00679629617916877,0.28979973275054216,-0.018586519780975086,-0.011788634426871614,0.9327472924540037,-0.023451698454470267,-0.011111127651803887
2026-05-08,1476.5999755859375,1496.300048828125,1470.0,1482.4000244140625,1471411,0.0,0.0,0.004336059901126399,0.2841165759339727,-0.018586519780975086,-0.016055078545706536,0.9372773775239276,0.015261551474978225,-0.03501080920082733
2026-05-11,1475.300048828125,1498.0999755859375,1470.5,1481.9000244140625,1358397,0.0,0.0,-0.00033729087409972713,0.2860264916219264,-0.018586519780975086,-0.016735304959544006,0.9454416512729902,-0.0011792294496737322,-0.03387547905739219
2026-05-12,1470.0,1491.0,1466.0999755859375,1468.5999755859375,1017058,0.0,0.0,-0.008974997374322724,0.2912000175153784,-0.018586519780975086,0.006264519539105118,0.9622599956395147,-0.030820729829253712,-0.02533021366627297
2026-05-13,1468.5999755859375,1486.0,1463.5,1468.9000244140625,2205792,0.0,0.0,0.00020430943287008674,0.27660449331658593,-0.018586519780975086,0.011709409004017068,0.9692899345636986,0.0007386337909193245,-0.033222171704701986
2026-05-14,1468.9000244140625,1479.4000244140625,1453.0,1459.5999755859375,1251986,0.0,0.0,-0.006331301432059511,0.2748434216113421,-0.018586519780975086,0.011235971970662062,0.982392456897579,-0.023036029622176473,-0.03637981397240109
2026-05-15,1459.5999755859375,1467.5,1427.5,1430.5,3292954,0.0,0.0,-0.01993695263954476,0.28994801091426253,-0.018586519780975086,0.036281037688963735,1.007441459157091,-0.0687604370489568,-0.005173033494626056
2026-05-18,1430.5,1444.699951171875,1418.0999755859375,1431.699951171875,2030857,0.0,0.0,0.000838833395228944,0.28442367655581846,-0.018586519780975086,0.03506326391999792,1.0116714766083192,0.0029492388815666446,-0.01264229671246575
2026-05-19,1428.0,1454.5,1422.0,1431.4000244140625,1803745,0.0,0.0,-0.000209489954628439,0.2846100832852582,-0.018586519780975086,0.02598850813007547,1.013682394099486,-0.0007360594707316721,-0.001956160947580776
2026-05-20,1400.0,1426.9000244140625,1398.5,1420.0999755859375,1425216,0.0,0.0,-0.007894403126582739,0.14826437408441034,-0.018586519780975086,0.034363812173146435,1.0226040595492707,-0.05324544512381525,0.005210917922175984
2026-05-21,1425.0,1430.9000244140625,1403.5,1406.5,2049251,0.0,0.0,-0.009576773339726397,0.14814706662387753,-0.018586519780975086,0.03775327094627623,1.0323498044792037,-0.06464368759729455,0.014930678990401791
2026-05-22,1410.5,1434.5999755859375,1401.199951171875,1423.0999755859375,1306017,0.0,0.0,0.011802328891530323,0.1493024234754892,-0.018586519780975086,0.00519993292180021,1.0203710359421634,0.07904980928169465,-0.0011242889560719727
2026-05-25,1430.0,1438.9000244140625,1410.0,1413.5999755859375,812160,0.0,0.0,-0.006675567537754001,0.1488587634663429,-0.018586519780975086,0.01280417083937424,1.0270974941648299,-0.04484497206517258,-0.015421567016352333
2026-05-26,1417.5999755859375,1431.699951171875,1413.199951171875,1428.5999755859375,1472818,0.0,0.0,0.010611205616201547,0.1531113299898597,-0.018586519780975086,0.0019599950132831445,1.0159141930965077,0.06930385180421195,-0.020929598855550235
2026-05-27,1432.0,1443.699951171875,1423.0999755859375,1427.5,1114165,0.0,0.0,-0.0007699675239644099,0.1422251889552477,-0.018586519780975086,-0.00518390501860766,1.0153625167606173,-0.005413720842863341,-0.025218914185639263
2026-05-28,1427.5,1427.5,1427.5,1427.5,0,0.0,0.0,0.0,0.1260449157234669,-0.018586519780975086,-0.014711033274956264,1.01427320062801,0.0,-0.031243415471760017
2026-05-29,1431.4000244140625,1444.0999755859375,1408.5,1421.5,13063475,0.0,0.0,-0.004203152364273155,0.12585688905509398,-0.018586519780975086,0.0011255544044583843,1.0172493810180707,-0.03339628098125333,-0.024832957318413618
2026-06-01,1424.5,1434.9000244140625,1388.5,1391.800048828125,843583,0.0,0.0,-0.020893388091364762,0.14299850793881386,-0.018586519780975086,0.015663116822109302,1.03661082638564,-0.14610912331486273,0.005101289938820974
2026-06-02,1385.0,1403.5,1368.0999755859375,1398.699951171875,1860526,0.0,0.0,0.004957538512489368,0.14509973855130331,-0.018586519780975086,0.021377011123087097,1.0286695103485293,0.034166416978569175,0.008364962930315967
2026-06-03,1405.0,1417.199951171875,1385.300048828125,1391.5,1725869,0.0,0.0,-0.005147602361637804,0.13300570629257422,-0.018586519780975086,0.025871361839741258,1.030592881866466,-0.038702113752122985,0.03363280548194392
2026-06-04,1395.0,1399.9000244140625,1378.5,1382.9000244140625,1793823,0.0,0.0,-0.006180363338798012,0.12980850485826564,-0.018586519780975086,0.03225104837555737,1.0336358168360988,-0.04761138624493302,0.028635458013471338
2026-06-05,1383.0,1393.199951171875,1372.300048828125,1386.199951171875,1342143,0.0,0.0,0.0023862366762272824,0.13066643881006898,-0.018586519780975086,0.025465336943839123,1.0277052682561698,0.01826204582704939,-0.007574664817383225
2026-06-08,1375.0,1412.5,1373.0,1398.9000244140625,1107621,0.0,0.0,0.009161790282456117,0.1350536023701087,-0.018586519780975086,-0.005075398857692703,1.0154085123207766,0.06783817272024253,-0.01729935865311305
2026-06-09,1399.9000244140625,1414.5999755859375,1399.4000244140625,1410.4000244140625,1298664,0.0,0.0,0.008220744727498897,0.14011680655610073,-0.018586519780975086,-0.00829557078818699,1.0050659178810588,0.05867065017286794,-0.013258701728934175
2026-06-10,1414.800048828125,1454.9000244140625,1409.300048828125,1438.300048828125,2288648,0.0,0.0,0.019781639202433476,0.15725656840069252,-0.018586519780975086,-0.03253844624858071,0.984505978075721,0.12579212522371885,-0.021553221822705027
2026-06-11,1437.800048828125,1445.0,1419.9000244140625,1422.5,1538190,0.0,0.0,-0.010985224425875795,0.16095928991014558,-0.018586519780975086,-0.0278382956667399,0.9941370808847758,-0.06824846052392264,-0.015536010956722301
2026-06-12,1431.0999755859375,1434.9000244140625,1370.5999755859375,1375.699951171875,2380729,0.0,0.0,-0.032899858578646746,0.1939788238375131,-0.018586519780975086,0.007632478282096011,1.0259649961569635,-0.16960540450617104,0.02842196630372995
2026-06-15,1410.0,1411.9000244140625,1371.5,1374.699951171875,1885900,0.0,0.0,-0.000726902693532927,0.1836650131369075,-0.018586519780975086,0.01760389474194568,1.0246381357011323,-0.00395776332977172,0.019786189138219168
2026-06-16,1375.4000244140625,1409.800048828125,1375.4000244140625,1391.699951171875,1899090,0.0,0.0,0.01236633491221717,0.19000613659665153,-0.018586519780975086,0.013436857008179981,1.0106955815229204,0.06508386772596704,0.0003592728443937432
2026-06-17,1392.0,1415.5,1387.0999755859375,1407.300048828125,1876655,0.0,0.0,0.011209382915558841,0.19487173951004094,-0.018586519780975086,0.0220279961091554,0.9990371252299282,0.057521846772260174,-0.01755139087983093
2026-06-18,1407.300048828125,1413.9000244140625,1394.199951171875,1400.4000244140625,1065482,0.0,0.0,-0.0049030229337434506,0.19375952827378068,-0.018586519780975086,0.015781187661135787,1.0037417679466412,-0.025304679075027103,0.0015709448254226377
2026-06-19,1394.0,1420.0,1394.0,1414.800048828125,1832928,0.0,0.0,0.010282793603982876,0.1943703464338245,-0.018586519780975086,-0.02763648311196798,0.9932322246977189,0.052903095886865675,-0.008623178414711496
2026-06-22,1422.800048828125,1430.699951171875,1398.199951171875,1401.9000244140625,1481212,0.0,0.0,-0.009117913463989158,0.19234158126159057,-0.018586519780975086,-0.01940229172444452,1.0019544746270255,-0.04740479375356998,-0.010414419952692211
2026-06-23,1401.9000244140625,1411.9000244140625,1390.300048828125,1392.199951171875,1646370,0.0,0.0,-0.006919233235794908,0.19243968423575802,-0.018586519780975086,-0.00035914381377410987,1.0076282505540162,-0.035955332725264834,0.009337739158126857
2026-06-24,1394.0,1398.800048828125,1380.5999755859375,1382.5999755859375,1469059,0.0,0.0,-0.006895543688143935,0.18905094851786344,-0.018586519780975086,0.01786494552172968,1.0130008858176385,-0.036474523812014284,0.05149723311112697
2026-06-25,1392.0,1410.0,1383.4000244140625,1402.5999755859375,1968226,0.0,0.0,0.014465500038450374,0.19698192395771288,-0.018586519780975086,-0.0015684808285811869,0.997668631923885,0.07343566868196023,0.031085110754920375
2026-06-26,1402.5999755859375,1402.5999755859375,1402.5999755859375,1402.5999755859375,0,0.0,0.0,0.0,0.19698192395771288,-0.018586519780975086,0.008698184410769638,0.996994882289526,0.0,0.04078145888908358
2026-06-29,1424.0,1428.5,1381.5,1387.300048828125,3412530,0.0,0.0,-0.010908261103755534,0.19980620517357578,-0.018586519780975086,0.010524021532523076,1.0078281181779256,-0.054594203159693024,0.062279174874053655
2026-06-30,1387.300048828125,1421.699951171875,1387.300048828125,1405.199951171875,3178483,0.0,0.0,0.01290268991114818,0.1917210877820767,-0.018586519780975086,-0.00925135244216213,0.9952213536531358,0.06729926993123239,0.04739545970002945
2026-07-01,1414.800048828125,1459.9000244140625,1407.9000244140625,1453.800048828125,2672318,0.0,0.0,0.03458589478011276,0.22494359590218793,-0.018586519780975086,-0.04897514847353335,0.9640940658447478,0.1537536247869687,-0.0022699468408913237
2026-07-02,1459.0,1462.300048828125,1444.5,1446.199951171875,1434136,0.0,0.0,-0.005227746183098736,0.2249755694493078,-0.018586519780975086,-0.030147958137191067,0.9713490829532879,-0.023236949520899747,0.01175494438803204
2026-07-03,1448.0,1463.699951171875,1442.800048828125,1459.800048828125,1863379,0.0,0.0,0.009404023036530873,0.22437031869594398,-0.018586519780975086,-0.039183498649767556,0.9648204919237755,0.041912952979066845,-0.003151183382917977
2026-07-06,1457.0999755859375,1479.9000244140625,1450.0999755859375,1473.699951171875,1178983,0.0,0.0,0.009521785093039581,0.2256125817383883,-0.018586519780975086,-0.058627878948523726,0.9582581558991266,0.04220413860623824,-0.03168891410679597
2026-07-07,1465.199951171875,1482.9000244140625,1462.699951171875,1471.800048828125,1811724,0.0,0.0,-0.0012892056773423644,0.22492868952844697,-0.018586519780975086,-0.04525077826249446,0.9615810244782568,-0.0057316193088971165,-0.030371023073262227
2026-07-08,1460.0,1479.9000244140625,1441.699951171875,1450.5,1855873,0.0,0.0,-0.014472107705856163,0.23132456718686303,-0.018586519780975086,0.0022751112224232983,0.9761220243625582,-0.06256191141404596,-0.017993778411539152
2026-07-09,1452.0,1481.0,1452.0,1463.199951171875,1346613,0.0,0.0,0.008755567853757418,0.22332204067505015,-0.018586519780975086,-0.011618371082082635,0.9690404874336485,0.03920601582911939,-0.027132280273847287
2026-07-10,1467.0,1471.300048828125,1448.300048828125,1455.199951171875,1563905,0.0,7.0,-0.0054674687445094294,0.2204173834475568,-0.018586519780975086,0.003161144729661114,0.9770993963760416,-0.02480506941395388,-0.01924134204200012
2026-07-13,1452.300048828125,1452.300048828125,1420.0999755859375,1427.0,2167829,0.0,0.0,-0.019378746645205336,0.19790757352810695,-0.018586519780975086,0.032725964381131734,0.9982410626053895,-0.09791816109185708,0.013524911582428079
2026-07-14,1418.5,1448.699951171875,1418.5,1427.0999755859375,1841895,0.0,0.0,7.005997613007686e-05,0.1977976481474553,-0.018586519780975086,0.0313223137880263,0.9994114091221964,0.00035420023061065854,0.01737793374843455
2026-07-15,1431.800048828125,1442.0,1419.5999755859375,1424.4000244140625,1328750,0.0,0.0,-0.0018919145246053537,0.1943892635719441,-0.018586519780975086,0.018323487179574993,1.0019060459683333,-0.009732607616876299,0.048581823915891054
2026-07-16,1427.9000244140625,1436.300048828125,1417.800048828125,1423.5,1179052,0.0,0.0,-0.0006318621164252969,0.19098755318743385,-0.018586519780975086,0.027888971669740137,1.0033508922495171,-0.0033083940434654995,0.017140867168291107
2026-07-17,1416.0,1429.199951171875,1405.0999755859375,1427.199951171875,1433884,0.0,0.0,0.002599192955303753,0.19002288655037142,-0.018586519780975086,0.019618834751927494,1.001184164181839,0.013678314574132159,0.011420998728833398
2026-07-20,1436.0,1456.0,1420.5999755859375,1446.300048828125,1689777,0.0,0.0,0.013382916416558865,0.19222774433106993,-0.018586519780975086,-0.013344429355280019,0.9894972987207221,0.06962010487574934,-0.00013833453324541
2026-07-21,1451.5,1464.4000244140625,1447.0,1451.9000244140625,1657756,0.0,0.0,0.0038719321004483387,0.18874724558488384,-0.018586519780975086,-0.017081099532409882,0.987736738757849,0.020513845822288233,0.02748124784291872
2026-07-22,1460.300048828125,1510.0,1454.0,1493.5999755859375,6542494,0.0,0.0,0.028720952180370407,0.20759029460591155,-0.018586519780975086,-0.046330980384977516,0.9638758828664392,0.1383540153038174,0.006494425147792526
2026-07-23,1500.0999755859375,1503.5,1441.300048828125,1447.9000244140625,2496998,0.0,0.0,-0.030597182591642014,0.2366531005094797,-0.018586519780975086,-0.01685200911847262,0.9958629554841724,-0.12929127585000144,0.05027966401704642
2026-07-24,1439.800048828125,1467.800048828125,1431.0,1443.5,3041475,0.0,0.0,-0.0030389007112857636,0.23306145301896858,-0.018586519780975086,-0.011292032440682331,1.0003152052506386,-0.013039052754244624,0.04579146213088836
